,name,team,year,games_played,mpg,fg%,3pfg%,rebounds,assists,steals,blocks,points_per_game,position,player_efficiency,true_shooting,plus_minus,win_shares_percentage,is_playoff_caliber
3,Bam Adebayo,MIA,2021,33,33.9,0.563,0.333,9.5,5.4,0.9,1.0,19.2,C,22.0,0.631,4.4,0.193,1
11,Giannis Antetokounmpo,MIL,2021,36,33.8,0.5589999999999999,0.29,11.6,6.0,1.3,1.4,28.9,PF,29.2,0.622,8.4,0.241,1
16,OG Anunoby,TOR,2021,23,33.4,0.479,0.395,5.7,1.7,1.6,0.7,13.8,SF,13.8,0.607,0.2,0.097,0
20,Deandre Ayton,PHO,2021,36,30.8,0.595,0.235,11.2,1.6,0.3,1.1,14.4,C,18.8,0.623,-0.4,0.172,1
25,Lonzo Ball,NOP,2021,34,31.6,0.423,0.385,4.1,5.1,1.3,0.6,14.4,PG,15.0,0.557,0.7,0.08,0
28,Harrison Barnes,SAC,2021,34,35.6,0.494,0.384,6.2,3.5,0.8,0.2,16.8,PF,16.3,0.622,0.2,0.108,0
29,RJ Barrett,NYK,2021,38,33.1,0.447,0.35200000000000004,5.9,2.9,0.6,0.2,16.7,SG,13.6,0.524,-1.9,0.066,0
35,Darius Bazley,OKC,2021,36,30.7,0.392,0.29,7.5,1.5,0.5,0.6,11.9,PF,9.3,0.487,-4.1,-0.004,0
36,Bradley Beal,WAS,2021,33,35.7,0.476,0.328,5.4,4.7,1.4,0.5,32.5,SG,24.5,0.591,4.7,0.142,0
37,Malik Beasley,MIN,2021,33,33.1,0.455,0.406,4.6,2.5,0.8,0.2,20.5,SG,15.9,0.5820000000000001,0.3,0.073,0
51,Bojan Bogdanović,UTA,2021,36,30.6,0.4320000000000001,0.405,3.9,1.9,0.5,0.1,15.7,SF,13.3,0.5870000000000001,-0.7,0.114,1
56,Devin Booker,PHO,2021,32,33.9,0.498,0.369,3.7,4.5,0.9,0.3,25.2,SG,18.9,0.601,0.0,0.106,0
63,Mikal Bridges,PHO,2021,36,32.5,0.5329999999999999,0.421,5.0,2.2,0.7,0.9,13.8,SF,17.0,0.664,3.2,0.18,1
65,Malcolm Brogdon,IND,2021,34,35.6,0.447,0.378,4.6,6.2,1.2,0.2,21.2,PG,17.6,0.546,1.2,0.1,1
68,Jaylen Brown,BOS,2021,34,34.0,0.485,0.38,5.6,4.0,1.2,0.5,24.4,SG,20.3,0.581,2.8,0.118,0
77,Jimmy Butler,MIA,2021,23,33.3,0.458,0.237,7.6,8.0,2.0,0.4,20.8,SF,25.7,0.573,7.2,0.238,1
97,John Collins,ATL,2021,37,30.6,0.532,0.376,7.6,1.4,0.5,1.0,17.8,PF,19.1,0.619,1.2,0.151,1
103,Robert Covington,POR,2021,34,32.0,0.378,0.339,6.6,1.7,1.6,1.2,8.1,PF,10.3,0.516,-1.5,0.049,0
108,Stephen Curry,GSW,2021,36,33.9,0.475,0.406,5.4,6.2,1.3,0.1,29.3,PG,24.9,0.6409999999999999,7.3,0.191,1
109,Anthony Davis,LAL,2021,23,32.8,0.5329999999999999,0.293,8.4,3.0,1.3,1.8,22.5,PF,24.7,0.588,6.4,0.205,1
112,DeMar DeRozan,SAS,2021,30,33.9,0.49,0.321,4.7,7.3,1.0,0.3,20.3,PF,22.1,0.597,4.1,0.2,1
118,Luka Dončić,DAL,2021,33,35.3,0.477,0.35100000000000003,8.5,9.1,1.0,0.7,28.4,PG,25.9,0.585,7.2,0.163,1
127,Kevin Durant,BRK,2021,19,35.7,0.524,0.434,7.3,5.3,0.7,1.4,29.0,PF,25.2,0.652,5.4,0.189,1
132,Joel Embiid,PHI,2021,30,33.0,0.521,0.416,11.6,3.3,1.2,1.4,30.2,C,31.1,0.6459999999999999,8.5,0.284,1
142,Dorian Finney-Smith,DAL,2021,27,31.6,0.417,0.341,5.3,1.4,0.9,0.4,8.1,PF,9.5,0.5479999999999999,-1.8,0.075,0
147,De'Aaron Fox,SAC,2021,36,34.2,0.469,0.345,3.3,7.6,1.3,0.5,23.2,PG,19.1,0.555,0.5,0.07200000000000001,0
154,Darius Garland,CLE,2021,28,32.9,0.44,0.384,2.2,5.9,1.2,0.1,16.1,PG,12.6,0.524,-2.5,0.021,0
157,Paul George,LAC,2021,28,33.3,0.495,0.452,6.1,5.4,1.2,0.5,23.5,SF,22.7,0.639,5.4,0.17600000000000002,1
160,Shai Gilgeous-Alexander,OKC,2021,31,34.0,0.51,0.405,5.0,6.2,0.8,0.6,23.5,SG,22.2,0.627,4.5,0.174,1
162,Rudy Gobert,UTA,2021,36,30.7,0.6409999999999999,0.0,13.1,1.3,0.5,2.7,14.2,C,22.5,0.649,3.4,0.22,0
166,Devonte' Graham,CHO,2021,26,32.3,0.35,0.345,3.0,5.7,1.0,0.0,13.5,PG,12.2,0.501,-1.7,0.07200000000000001,0
167,Jerami Grant,DET,2021,34,36.1,0.434,0.358,5.4,2.9,0.8,1.1,23.7,SF,18.0,0.5710000000000001,1.9,0.111,1
174,Blake Griffin,DET,2021,20,31.3,0.365,0.315,5.2,3.9,0.7,0.1,12.3,PF,9.9,0.491,-2.6,0.026,0
182,James Harden,BRK,2021,32,37.8,0.48,0.392,7.9,11.0,1.2,0.7,25.2,PG-SG,24.5,0.639,6.5,0.217,1
186,Gary Harris,DEN,2021,19,30.6,0.442,0.32,2.5,1.7,0.9,0.2,9.7,SG,9.4,0.544,-3.6,0.064,0
188,Joe Harris,BRK,2021,38,30.9,0.527,0.5,3.5,1.7,0.6,0.2,14.8,SF,14.9,0.696,0.8,0.132,1
189,Tobias Harris,PHI,2021,32,34.1,0.513,0.4,7.5,3.4,0.8,0.8,20.3,PF,19.6,0.608,3.0,0.166,1
195,Gordon Hayward,CHO,2021,32,34.9,0.481,0.406,5.3,3.9,1.3,0.4,21.4,SF,18.5,0.59,1.8,0.13,1
198,Tyler Herro,MIA,2021,26,32.6,0.439,0.338,5.7,3.7,0.6,0.4,15.9,SG,12.2,0.535,-2.3,0.03,0
199,Buddy Hield,SAC,2021,37,34.9,0.39,0.379,4.5,3.3,0.8,0.3,16.5,SG,11.5,0.55,-2.0,0.024,0
204,Jrue Holiday,MIL,2021,27,30.8,0.4920000000000001,0.363,4.3,5.0,1.8,0.5,15.1,PG,18.7,0.578,2.9,0.161,1
205,Justin Holiday,IND,2021,35,32.3,0.459,0.414,4.0,1.7,1.2,0.4,11.7,SG,12.2,0.628,0.6,0.106,0
213,Kevin Huerter,ATL,2021,37,32.1,0.424,0.364,3.6,3.6,1.3,0.2,12.3,SG,12.0,0.541,-0.5,0.077,0
215,De'Andre Hunter,ATL,2021,18,32.2,0.514,0.366,5.4,2.2,0.9,0.5,17.2,SF,17.6,0.64,2.5,0.151,1
220,Brandon Ingram,NOP,2021,37,34.7,0.47,0.374,5.1,4.8,0.7,0.8,23.6,SF,19.9,0.5870000000000001,2.4,0.122,1
221,Kyrie Irving,BRK,2021,27,35.5,0.516,0.42,4.9,5.9,1.1,0.6,27.7,PG,24.7,0.625,4.8,0.2,1
228,LeBron James,LAL,2021,36,34.6,0.509,0.358,8.0,7.8,1.1,0.6,25.8,PG,24.4,0.597,7.5,0.189,1
237,Nikola Jokić,DEN,2021,36,35.9,0.5670000000000001,0.418,11.0,8.6,1.6,0.6,27.1,C,31.5,0.652,11.6,0.31,1
258,Zach LaVine,CHI,2021,35,35.5,0.523,0.431,5.2,5.1,1.1,0.4,28.4,SG,22.6,0.65,3.9,0.152,0
264,Kawhi Leonard,LAC,2021,31,34.5,0.513,0.401,6.4,4.8,1.5,0.5,26.7,SF,26.8,0.623,6.2,0.237,1
268,Damian Lillard,POR,2021,35,36.0,0.445,0.385,4.3,8.0,1.1,0.3,29.8,PG,26.5,0.617,6.1,0.208,1
274,Kyle Lowry,TOR,2021,30,34.7,0.45,0.402,5.5,7.2,1.1,0.2,18.0,PG,16.8,0.604,1.0,0.128,1
283,Lauri Markkanen,CHI,2021,15,30.3,0.526,0.435,5.9,0.8,0.6,0.4,19.4,PF,18.0,0.674,1.2,0.129,0
296,CJ McCollum,POR,2021,13,33.8,0.473,0.441,3.9,5.0,1.3,0.3,26.7,SG,26.3,0.62,6.9,0.226,1
311,Khris Middleton,MIL,2021,37,33.2,0.498,0.428,6.1,5.6,1.1,0.2,20.4,SF,19.6,0.613,2.6,0.163,1
316,Donovan Mitchell,UTA,2021,34,33.9,0.421,0.382,4.7,5.4,1.0,0.3,24.7,SG,18.9,0.5489999999999999,1.7,0.134,1
320,Ja Morant,MEM,2021,25,30.8,0.455,0.228,3.4,7.8,1.0,0.2,19.8,PG,19.2,0.54,0.7,0.112,0
326,Dejounte Murray,SAS,2021,33,31.1,0.452,0.324,7.0,5.3,1.6,0.1,15.6,PG,16.9,0.516,0.8,0.094,0
327,Jamal Murray,DEN,2021,34,35.4,0.487,0.398,4.2,4.6,1.1,0.3,21.8,PG,18.7,0.602,1.5,0.136,1
331,Larry Nance Jr.,CLE,2021,19,33.4,0.483,0.381,6.8,3.2,1.9,0.5,9.3,PF,13.1,0.5710000000000001,1.0,0.094,1
343,Royce O'Neale,UTA,2021,36,32.8,0.441,0.411,6.8,2.6,0.8,0.6,7.6,SF,10.0,0.606,0.4,0.12,1
349,Isaac Okoro,CLE,2021,31,33.2,0.413,0.301,2.7,1.9,1.2,0.5,8.1,SG,6.5,0.503,-4.9,0.013,0
351,Victor Oladipo,HOU,2021,25,32.8,0.396,0.32299999999999995,5.2,4.7,1.5,0.4,20.1,SG,14.9,0.499,-0.6,0.028,0
356,Kelly Oubre Jr.,GSW,2021,36,30.4,0.438,0.318,5.9,1.4,1.1,0.8,15.4,SF,13.5,0.531,-1.9,0.064,0
362,Chris Paul,PHO,2021,35,31.8,0.485,0.394,4.7,8.8,1.1,0.3,16.1,PG,20.1,0.5920000000000001,3.8,0.19,1
377,Kristaps Porziņģis,DAL,2021,21,30.3,0.478,0.35100000000000003,8.6,1.3,0.4,1.5,20.5,C,21.4,0.581,1.1,0.13699999999999998,0
385,Julius Randle,NYK,2021,38,36.5,0.478,0.409,11.0,5.6,0.8,0.3,22.8,PF,20.3,0.5820000000000001,3.8,0.147,1
391,Josh Richardson,DAL,2021,27,31.7,0.44,0.303,3.1,2.7,0.9,0.3,13.3,SG,12.0,0.562,-2.2,0.065,0
394,Duncan Robinson,MIA,2021,37,33.1,0.423,0.386,3.9,1.6,0.5,0.2,12.7,SF,9.3,0.609,-2.3,0.062,0
402,Terry Rozier,CHO,2021,34,33.4,0.488,0.435,3.8,3.2,1.4,0.4,20.4,SG,17.8,0.624,2.1,0.121,0
405,Domantas Sabonis,IND,2021,35,36.5,0.525,0.333,11.1,6.0,1.0,0.6,20.8,PF,19.9,0.593,3.3,0.141,1
410,Dennis Schröder,LAL,2021,33,31.2,0.44,0.317,3.5,4.5,0.9,0.2,14.9,SG,13.1,0.5429999999999999,-2.0,0.094,1
412,Collin Sexton,CLE,2021,31,36.4,0.487,0.4,2.6,4.5,1.2,0.1,24.1,SG,17.3,0.58,-0.1,0.086,0
415,Pascal Siakam,TOR,2021,30,35.8,0.453,0.295,7.5,4.8,1.2,0.7,20.1,PF,17.5,0.542,0.3,0.111,1
417,Ben Simmons,PHI,2021,31,33.9,0.578,0.28600000000000003,7.9,7.6,1.6,0.7,16.1,PG,19.9,0.614,3.8,0.16899999999999998,1
420,Marcus Smart,BOS,2021,18,31.7,0.402,0.326,2.7,5.8,1.7,0.6,13.4,PG,15.5,0.535,0.9,0.117,1
432,Jayson Tatum,BOS,2021,32,35.8,0.442,0.37,7.0,4.4,1.3,0.5,25.1,SF,19.9,0.551,3.1,0.112,0
446,Karl-Anthony Towns,MIN,2021,17,32.5,0.485,0.35600000000000004,10.7,3.8,0.8,1.7,21.6,C,21.8,0.598,3.2,0.128,0
447,Gary Trent Jr.,POR,2021,34,31.4,0.419,0.404,2.1,1.5,0.7,0.1,15.3,SG,12.6,0.551,-2.5,0.054000000000000006,0
448,P.J. Tucker,HOU,2021,32,30.0,0.366,0.314,4.6,1.4,0.9,0.6,4.4,PF,5.5,0.5,-4.8,0.039,0
449,Myles Turner,IND,2021,33,31.5,0.484,0.314,6.5,0.9,1.0,3.4,13.5,C,16.5,0.601,0.9,0.128,0
453,Fred VanVleet,TOR,2021,34,36.7,0.4,0.383,4.4,6.6,1.7,0.8,20.1,SG,17.7,0.5489999999999999,2.6,0.127,1
457,Nikola Vučević,ORL,2021,37,33.9,0.483,0.408,11.7,3.7,1.0,0.6,24.6,C,24.2,0.5710000000000001,6.0,0.157,0
460,Kemba Walker,BOS,2021,21,30.2,0.389,0.35700000000000004,3.6,4.4,1.0,0.4,18.1,PG,16.0,0.528,0.8,0.07200000000000001,0
462,John Wall,HOU,2021,25,31.7,0.424,0.34,3.2,6.0,0.9,0.7,21.0,PG,16.4,0.524,0.2,0.029,0
470,Russell Westbrook,WAS,2021,28,34.3,0.4320000000000001,0.28600000000000003,9.6,9.8,1.2,0.3,20.3,PG,16.2,0.485,-0.1,0.001,0
471,Coby White,CHI,2021,35,33.0,0.42,0.36,5.0,5.0,0.3,0.1,16.3,PG,12.2,0.539,-3.3,0.05,0
475,Andrew Wiggins,GSW,2021,38,32.1,0.462,0.349,4.6,2.2,0.8,1.1,16.9,PF,13.1,0.547,-2.1,0.05,0
481,Zion Williamson,NOP,2021,35,33.1,0.615,0.316,7.1,3.4,0.9,0.7,25.5,PF,26.5,0.6509999999999999,4.1,0.193,1
487,Christian Wood,HOU,2021,17,31.2,0.5579999999999999,0.421,10.2,1.3,0.9,1.5,22.0,C,24.1,0.634,4.0,0.163,0
491,Trae Young,ATL,2021,35,34.8,0.431,0.375,4.2,9.3,0.9,0.3,26.7,PG,22.9,0.595,4.0,0.163,1
2,Steven Adams,NOP,2021,34,27.8,0.614,0.0,9.0,2.0,0.9,0.6,8.2,C,16.2,0.597,-0.9,0.108,0
4,LaMarcus Aldridge,SAS,2021,21,25.9,0.464,0.36,4.5,1.7,0.4,0.9,13.7,C,15.0,0.545,-1.2,0.07400000000000001,0
7,Grayson Allen,MEM,2021,23,24.0,0.409,0.407,2.8,2.2,1.0,0.1,9.3,SG,12.5,0.5920000000000001,-0.2,0.11,1
8,Jarrett Allen,CLE,2021,35,27.9,0.669,0.5,9.9,1.7,0.5,1.7,13.5,C,23.6,0.7140000000000001,3.4,0.219,1
10,Kyle Anderson,MEM,2021,31,27.5,0.476,0.376,6.1,3.5,1.2,0.7,13.4,PF,17.5,0.585,2.9,0.142,1
14,Carmelo Anthony,POR,2021,35,25.5,0.411,0.388,3.4,1.4,0.9,0.8,13.9,PF,14.8,0.53,-2.2,0.057,0
15,Cole Anthony,ORL,2021,25,26.7,0.375,0.325,4.4,3.8,0.7,0.4,11.0,PG,10.2,0.469,-4.1,-0.008,0
19,Deni Avdija,WAS,2021,31,21.6,0.442,0.37,4.7,1.3,0.7,0.2,6.2,SF,8.5,0.551,-3.4,0.047,0
22,Dwayne Bacon,ORL,2021,37,24.8,0.413,0.34600000000000003,2.9,1.0,0.6,0.1,10.4,SG,9.5,0.509,-4.9,0.026,0
23,Marvin Bagley III,SAC,2021,35,26.0,0.496,0.366,7.6,1.0,0.5,0.5,14.0,PF,16.0,0.5489999999999999,-3.5,0.052000000000000005,0
24,LaMelo Ball,CHO,2021,36,28.9,0.444,0.374,6.0,6.4,1.6,0.4,15.6,PG,18.3,0.556,2.8,0.116,1
27,Desmond Bane,MEM,2021,29,23.1,0.482,0.456,2.9,1.3,0.7,0.1,9.9,SG,11.9,0.618,-1.6,0.09,0
30,Will Barton,DEN,2021,33,29.9,0.442,0.388,4.1,3.1,0.8,0.4,11.6,SF,11.3,0.537,-2.5,0.053,0
32,Nicolas Batum,LAC,2021,36,29.1,0.474,0.443,4.7,2.4,1.2,0.4,8.9,SF,13.4,0.644,1.3,0.142,1
33,Aron Baynes,TOR,2021,34,20.0,0.428,0.236,5.7,1.0,0.3,0.4,6.4,C,9.8,0.485,-5.1,0.042,0
40,Dāvis Bertāns,WAS,2021,31,25.9,0.392,0.386,3.1,0.9,0.6,0.2,11.6,PF,11.3,0.603,-1.4,0.085,0
41,Patrick Beverley,LAC,2021,29,23.8,0.442,0.42,3.7,2.1,0.9,0.8,8.3,PG,13.1,0.608,0.7,0.134,1
42,Saddiq Bey,DET,2021,35,23.1,0.407,0.396,3.9,1.1,0.6,0.0,10.0,SF,12.4,0.5820000000000001,-0.8,0.09,0
44,Khem Birch,ORL,2021,36,20.1,0.478,0.28600000000000003,5.5,1.0,0.6,0.7,5.8,C,15.2,0.547,-1.9,0.13,1
46,Bismack Biyombo,CHO,2021,34,22.1,0.568,0.0,5.6,1.4,0.3,1.1,5.5,C,12.0,0.565,-3.0,0.094,1
48,Eric Bledsoe,NOP,2021,36,29.4,0.429,0.377,3.5,3.8,0.8,0.3,12.3,SG,12.3,0.5429999999999999,-2.3,0.049,0
50,Bogdan Bogdanović,ATL,2021,12,22.2,0.361,0.319,3.4,2.3,0.4,0.2,8.6,SG,8.8,0.506,-2.9,0.025,0
57,Chris Boucher,TOR,2021,37,23.8,0.54,0.447,6.6,1.0,0.6,1.9,14.0,C,23.5,0.6659999999999999,4.1,0.227,1
64,Miles Bridges,CHO,2021,36,26.7,0.491,0.377,5.8,2.1,0.7,0.7,9.9,PF,12.6,0.606,-1.4,0.084,0
66,Dillon Brooks,MEM,2021,30,29.0,0.399,0.322,3.1,2.6,1.4,0.5,15.7,SF,10.9,0.49,-4.6,0.008,0
67,Bruce Brown,BRK,2021,34,21.1,0.574,0.265,4.6,1.4,0.8,0.3,8.4,PG,15.6,0.618,-0.9,0.13699999999999998,1
70,Sterling Brown,HOU,2021,33,22.6,0.438,0.398,4.4,1.7,0.9,0.2,7.4,SG,11.8,0.584,-1.2,0.097,0
72,Jalen Brunson,DAL,2021,32,25.1,0.537,0.408,3.5,3.3,0.6,0.0,13.0,PG,17.7,0.65,0.7,0.146,1
74,Reggie Bullock,NYK,2021,33,26.1,0.404,0.37,3.3,1.3,0.6,0.2,8.5,SF,8.8,0.537,-2.2,0.067,1
76,Alec Burks,NYK,2021,26,24.8,0.414,0.398,4.3,2.3,0.7,0.2,11.3,SG,13.9,0.5589999999999999,0.2,0.11,1
80,Kentavious Caldwell-Pope,LAL,2021,33,26.2,0.438,0.402,2.4,1.4,0.8,0.3,8.7,SG,9.7,0.585,-2.1,0.096,1
83,Clint Capela,ATL,2021,33,29.6,0.589,0.0,14.3,0.9,0.8,2.3,14.5,C,24.1,0.5920000000000001,2.4,0.188,0
86,Wendell Carter Jr.,CHI,2021,24,26.4,0.529,0.333,7.8,2.2,0.7,0.9,12.1,C,16.2,0.593,-1.7,0.119,0
87,Michael Carter-Williams,ORL,2021,18,26.6,0.415,0.25,4.8,4.3,0.6,0.5,9.4,SG,10.9,0.481,-3.8,0.02,0
93,Brandon Clarke,MEM,2021,28,26.8,0.518,0.326,5.9,1.6,1.2,0.6,12.0,PF,16.8,0.561,0.6,0.138,1
94,Jordan Clarkson,UTA,2021,36,26.0,0.447,0.37,4.0,2.3,0.9,0.2,17.9,SG,18.7,0.581,2.7,0.13699999999999998,1
98,Mike Conley,UTA,2021,29,29.4,0.444,0.422,3.5,5.7,1.4,0.1,16.1,PG,19.2,0.588,3.9,0.194,1
99,Pat Connaughton,MIL,2021,34,21.1,0.434,0.382,4.2,1.4,0.7,0.4,6.4,SG,12.3,0.578,0.5,0.127,1
102,DeMarcus Cousins,HOU,2021,25,20.2,0.376,0.336,7.6,2.4,0.8,0.7,9.6,C,15.1,0.511,0.4,0.08,0
105,Jae Crowder,PHO,2021,33,27.7,0.409,0.381,5.1,2.1,0.8,0.2,10.2,PF,11.8,0.5720000000000001,0.5,0.101,1
107,Seth Curry,PHI,2021,29,29.7,0.462,0.435,2.0,2.9,0.9,0.3,12.5,SG,12.4,0.603,-1.4,0.101,1
114,Hamidou Diallo,OKC,2021,32,23.8,0.481,0.293,5.2,2.4,1.0,0.4,11.9,SG,15.1,0.536,-1.7,0.081,0
117,Donte DiVincenzo,MIL,2021,37,26.6,0.416,0.381,4.8,2.9,1.1,0.2,10.3,SG,12.9,0.527,-0.6,0.091,1
119,Luguentz Dort,OKC,2021,36,29.7,0.389,0.333,3.5,1.5,0.9,0.3,12.4,SG,9.0,0.515,-4.4,0.018000000000000002,0
124,Goran Dragić,MIA,2021,23,27.0,0.455,0.369,3.1,4.8,0.6,0.2,14.6,PG,13.7,0.5710000000000001,-3.0,0.059,0
125,Andre Drummond,CLE,2021,25,28.9,0.474,0.0,13.5,2.6,1.6,1.2,17.5,C,20.8,0.5,-0.3,0.05,0
128,Anthony Edwards,MIN,2021,37,29.3,0.374,0.304,4.0,2.5,0.9,0.4,15.2,SG,10.0,0.469,-5.1,-0.038,0
131,Wayne Ellington,DET,2021,29,23.1,0.449,0.424,1.8,1.4,0.4,0.2,10.6,SG,12.8,0.626,-0.2,0.092,0
133,James Ennis,ORL,2021,24,21.4,0.5,0.447,3.9,1.3,0.8,0.3,7.3,SF,12.9,0.628,-1.7,0.113,0
146,Evan Fournier,ORL,2021,21,29.2,0.45,0.371,3.1,3.8,1.0,0.3,18.5,SF,17.9,0.593,0.5,0.108,1
152,Danilo Gallinari,ATL,2021,25,22.2,0.401,0.395,3.4,1.5,0.6,0.1,12.0,PF,14.4,0.595,-0.5,0.11,1
155,Marc Gasol,LAL,2021,35,20.1,0.403,0.365,4.1,2.0,0.5,1.3,4.8,C,11.2,0.561,1.2,0.13,1
156,Rudy Gay,SAS,2021,27,22.1,0.415,0.373,5.3,1.5,0.8,0.5,11.2,PF,14.2,0.523,-1.0,0.059,0
164,Aaron Gordon,ORL,2021,20,28.3,0.425,0.365,7.0,4.0,0.7,0.9,13.6,PF,14.7,0.526,0.5,0.043,0
165,Eric Gordon,HOU,2021,27,29.2,0.433,0.329,2.1,2.6,0.5,0.5,17.8,SG,14.6,0.5770000000000001,-0.6,0.067,0
168,Danny Green,PHI,2021,37,28.4,0.391,0.377,3.6,1.8,1.2,0.8,8.5,SF,9.8,0.546,-0.6,0.07200000000000001,1
169,Draymond Green,GSW,2021,32,29.5,0.392,0.258,6.0,8.4,1.4,0.7,5.9,PF,11.4,0.474,0.0,0.08199999999999999,1
170,JaMychal Green,DEN,2021,25,20.5,0.444,0.4270000000000001,6.0,1.0,0.6,0.3,9.1,PF,14.7,0.5870000000000001,-1.7,0.122,0
172,Jeff Green,BRK,2021,34,26.3,0.502,0.425,3.6,1.4,0.7,0.2,9.6,C,11.8,0.639,-1.4,0.098,0
176,Rui Hachimura,WAS,2021,28,29.9,0.451,0.306,5.5,1.7,0.7,0.1,12.4,PF,11.4,0.5429999999999999,-3.6,0.058,0
178,Tyrese Haliburton,SAC,2021,31,29.7,0.489,0.434,3.5,5.3,1.4,0.6,13.0,PG,17.8,0.614,2.5,0.115,0
181,Tim Hardaway Jr.,DAL,2021,35,29.5,0.4320000000000001,0.383,3.2,1.7,0.6,0.2,16.4,SG,14.6,0.5710000000000001,-0.6,0.078,0
185,Montrezl Harrell,LAL,2021,37,24.1,0.626,0.0,6.4,1.1,0.6,0.7,13.8,C,22.5,0.6579999999999999,2.6,0.229,1
191,Josh Hart,NOP,2021,37,28.6,0.441,0.327,7.5,2.1,0.8,0.2,9.1,SF,12.0,0.569,-1.5,0.084,0
200,George Hill,OKC,2021,14,26.4,0.508,0.386,2.1,3.1,0.9,0.1,11.8,PG,16.1,0.63,0.4,0.145,1
206,Richaun Holmes,SAC,2021,33,29.6,0.657,0.16699999999999998,8.4,1.7,0.7,1.5,13.2,C,19.2,0.6859999999999999,-0.1,0.152,0
208,Al Horford,OKC,2021,25,28.2,0.446,0.3720000000000001,6.8,3.4,0.9,0.9,14.3,C,17.2,0.534,3.1,0.106,0
210,Danuel House,HOU,2021,22,27.4,0.375,0.312,4.0,1.9,0.6,0.5,9.1,SF,9.0,0.499,-3.1,0.038,0
217,Serge Ibaka,LAC,2021,38,23.9,0.51,0.355,6.8,1.8,0.2,1.2,11.2,C,17.8,0.585,0.6,0.14,1
218,Andre Iguodala,MIA,2021,35,21.7,0.389,0.342,3.7,2.2,1.0,0.5,4.8,SF,9.6,0.528,-0.1,0.07400000000000001,1
219,Joe Ingles,UTA,2021,32,26.4,0.522,0.465,3.3,4.4,0.5,0.3,11.5,SF,16.5,0.705,3.9,0.19,1
224,Josh Jackson,DET,2021,33,24.8,0.425,0.292,4.4,1.9,0.9,0.9,13.4,SG,12.6,0.52,-2.8,0.006,0
226,Reggie Jackson,LAC,2021,36,20.4,0.447,0.398,2.7,3.0,0.6,0.1,8.6,SG,13.4,0.562,-1.4,0.106,1
232,Cameron Johnson,PHO,2021,34,24.2,0.4370000000000001,0.378,3.4,1.4,0.6,0.3,10.4,PF,13.0,0.5870000000000001,0.4,0.104,1
234,Keldon Johnson,SAS,2021,30,28.9,0.473,0.337,6.6,2.1,0.7,0.5,14.0,SF,15.4,0.564,-1.0,0.102,0
239,Derrick Jones Jr.,POR,2021,32,27.0,0.511,0.338,4.7,0.9,0.8,1.1,8.1,SF,12.9,0.605,-1.2,0.098,0
242,Tyus Jones,MEM,2021,33,21.4,0.438,0.29100000000000004,2.5,4.5,1.2,0.1,8.1,PG,15.5,0.502,0.8,0.112,1
243,DeAndre Jordan,BRK,2021,36,22.9,0.76,0.0,7.5,1.9,0.3,1.4,7.3,C,16.2,0.733,0.6,0.138,0
244,Cory Joseph,SAC,2021,37,21.2,0.448,0.325,2.2,2.4,0.8,0.2,6.6,PG,9.6,0.537,-4.3,0.024,0
247,Enes Kanter,POR,2021,36,26.3,0.597,0.0,11.8,1.2,0.5,0.8,12.0,C,22.3,0.626,-0.7,0.192,0
249,Maxi Kleber,DAL,2021,24,26.3,0.452,0.468,5.3,1.5,0.5,0.8,7.5,PF,12.5,0.667,0.5,0.132,1
256,Kyle Kuzma,LAL,2021,36,25.9,0.444,0.365,6.7,1.1,0.4,0.6,11.5,SF,13.2,0.541,-1.3,0.08800000000000001,0
257,Jeremy Lamb,IND,2021,21,23.1,0.473,0.447,3.7,1.6,0.9,0.5,11.3,SG,16.8,0.635,2.1,0.156,1
266,Caris LeVert,BRK,2021,12,27.8,0.435,0.349,4.3,6.0,1.1,0.5,18.5,SG,19.2,0.516,0.6,0.08800000000000001,0
271,Brook Lopez,MIL,2021,37,27.0,0.47,0.348,5.0,0.6,0.5,1.4,10.8,C,13.6,0.59,-0.6,0.114,1
272,Robin Lopez,WAS,2021,35,20.4,0.588,0.308,4.3,0.9,0.3,0.6,8.2,C,14.6,0.628,-2.7,0.105,0
278,Théo Maledon,OKC,2021,32,26.0,0.396,0.366,3.0,3.5,1.0,0.1,7.9,PG,8.2,0.523,-4.4,0.027000000000000003,0
292,Wesley Matthews,LAL,2021,30,20.2,0.35600000000000004,0.337,1.5,1.1,0.5,0.4,4.2,SG,6.3,0.51,-3.1,0.071,1
297,T.J. McConnell,IND,2021,32,25.3,0.526,0.316,3.7,6.8,2.0,0.4,6.7,PG,16.0,0.5429999999999999,2.1,0.121,1
300,Doug McDermott,IND,2021,34,25.9,0.506,0.364,4.0,1.3,0.3,0.1,13.2,PF,14.2,0.608,-1.2,0.094,0
308,De'Anthony Melton,MEM,2021,21,20.3,0.482,0.425,3.0,2.9,1.2,0.7,10.1,PG,17.8,0.597,3.8,0.14,1
313,Patty Mills,SAS,2021,33,25.8,0.451,0.403,1.8,2.6,0.6,0.0,13.3,PG,14.4,0.604,-0.1,0.097,0
314,Paul Millsap,DEN,2021,26,23.9,0.524,0.41,5.2,1.7,0.8,0.5,10.4,PF,17.1,0.63,0.9,0.156,1
315,Shake Milton,PHI,2021,29,25.1,0.436,0.307,2.3,3.0,0.6,0.3,13.7,SG,14.1,0.546,-2.8,0.091,1
318,Malik Monk,CHO,2021,23,22.4,0.457,0.4370000000000001,2.9,1.8,0.3,0.1,13.3,SG,14.1,0.601,-2.0,0.069,0
322,Marcus Morris,LAC,2021,29,24.4,0.441,0.465,3.7,0.9,0.5,0.3,12.2,PF,13.9,0.589,-1.1,0.101,1
324,Monte Morris,DEN,2021,35,27.1,0.477,0.36,2.2,3.4,0.7,0.3,10.6,PG,13.7,0.57,-1.1,0.112,1
333,Raul Neto,WAS,2021,30,20.5,0.448,0.382,2.3,2.1,1.1,0.1,7.9,PG,12.5,0.5489999999999999,-1.5,0.07400000000000001,0
336,Nerlens Noel,NYK,2021,33,22.2,0.611,0.0,5.9,0.6,1.0,2.0,4.8,C,14.5,0.627,0.4,0.136,1
339,Kendrick Nunn,MIA,2021,29,29.9,0.462,0.362,3.3,2.7,1.1,0.3,14.2,PG,13.1,0.5720000000000001,-0.8,0.067,0
340,Jusuf Nurkić,POR,2021,12,23.3,0.485,0.25,7.7,2.8,0.9,0.9,9.8,C,16.0,0.514,-2.6,0.061,0
341,David Nwaba,HOU,2021,28,22.9,0.481,0.27,3.7,1.0,1.1,0.7,9.4,SF,14.3,0.555,-0.5,0.109,1
346,Chuma Okeke,ORL,2021,21,22.0,0.391,0.391,3.6,2.0,0.8,0.4,4.5,PF,9.5,0.493,-2.5,0.059,0
352,Kelly Olynyk,MIA,2021,36,26.7,0.444,0.335,5.9,2.1,0.8,0.6,10.3,C,12.3,0.569,-0.4,0.08800000000000001,0
354,Cedi Osman,CLE,2021,35,25.8,0.373,0.332,3.7,2.7,0.9,0.1,10.9,SF,11.0,0.493,-2.1,0.04,0
364,Elfrid Payton,NYK,2021,34,28.1,0.4370000000000001,0.25,3.8,3.7,0.7,0.2,12.6,PG,12.4,0.486,-2.9,0.035,0
368,Mason Plumlee,DET,2021,35,28.0,0.613,0.0,9.1,3.8,0.8,0.9,10.4,C,17.6,0.634,1.2,0.145,0
369,Jakob Poeltl,SAS,2021,33,23.7,0.611,0.0,7.2,1.8,0.6,1.5,6.5,C,15.9,0.586,-0.4,0.139,1
374,Michael Porter Jr.,DEN,2021,26,28.6,0.502,0.416,7.0,0.9,0.9,1.1,14.6,SF,17.7,0.627,1.2,0.14400000000000002,1
375,Otto Porter,CHI,2021,17,22.9,0.433,0.397,6.1,1.9,0.6,0.2,11.1,SF,15.7,0.57,-0.3,0.115,0
376,Bobby Portis,MIL,2021,37,21.5,0.545,0.487,7.0,1.1,0.8,0.4,10.8,C,19.4,0.616,1.5,0.17600000000000002,1
379,Norman Powell,TOR,2021,35,29.9,0.491,0.445,3.0,1.8,1.1,0.1,18.8,SG,17.5,0.644,1.0,0.126,1
380,Taurean Prince,CLE,2021,29,21.4,0.38,0.386,3.6,1.7,0.7,0.7,8.3,PF,11.3,0.523,-2.2,0.052000000000000005,0
381,Payton Pritchard,BOS,2021,31,21.1,0.451,0.4,2.3,2.3,0.6,0.2,7.5,SG,11.1,0.58,-2.1,0.07400000000000001,0
386,Cam Reddish,ATL,2021,26,28.8,0.365,0.262,4.0,1.3,1.3,0.3,11.2,SF,9.2,0.488,-3.6,0.024,0
389,Naz Reid,MIN,2021,35,20.7,0.522,0.34,4.7,1.3,0.7,1.2,11.9,C,18.4,0.599,0.1,0.118,0
392,Austin Rivers,NYK,2021,21,21.0,0.43,0.364,2.2,2.0,0.6,0.0,7.3,SG,9.6,0.545,-3.0,0.057,0
397,Mitchell Robinson,NYK,2021,27,28.8,0.66,0.0,8.4,0.5,1.2,1.5,8.4,C,17.4,0.647,0.8,0.181,1
398,Isaiah Roby,OKC,2021,31,21.3,0.528,0.35200000000000004,5.5,1.7,0.8,0.5,8.6,PF,15.3,0.605,-0.5,0.126,0
400,Derrick Rose,NYK,2021,25,23.5,0.43,0.377,2.2,4.5,1.2,0.4,13.5,PG,17.1,0.519,0.5,0.069,0
401,Terrence Ross,ORL,2021,35,29.5,0.41,0.344,3.5,2.2,1.1,0.5,15.5,SG,13.0,0.528,-2.2,0.038,0
403,Ricky Rubio,MIN,2021,35,25.4,0.384,0.321,3.1,6.5,1.3,0.0,7.9,PG,12.0,0.503,-3.5,0.054000000000000006,0
404,D'Angelo Russell,MIN,2021,20,29.2,0.426,0.399,2.6,5.1,1.1,0.5,19.3,PG,16.2,0.544,0.4,0.037000000000000005,0
409,Tomáš Satoranský,CHI,2021,24,20.9,0.534,0.463,2.5,4.4,0.5,0.2,7.2,SG,14.4,0.6629999999999999,-0.3,0.127,0
413,Landry Shamet,BRK,2021,34,20.1,0.39,0.374,1.9,1.1,0.4,0.1,8.1,SG,9.5,0.562,-3.6,0.045,0
422,Ish Smith,WAS,2021,19,20.6,0.379,0.25,3.5,4.7,0.8,0.2,5.2,PG,10.6,0.404,-2.5,0.02,0
431,Jae'Sean Tate,HOU,2021,35,27.5,0.544,0.31,5.2,1.7,0.9,0.5,10.0,SF,13.4,0.607,-1.7,0.113,1
434,Garrett Temple,CHI,2021,34,28.1,0.4270000000000001,0.344,3.2,2.0,0.9,0.5,8.6,SG,9.3,0.541,-2.9,0.059,1
436,Daniel Theis,BOS,2021,35,24.4,0.57,0.368,5.1,1.3,0.7,1.1,9.5,C,15.5,0.645,0.3,0.13699999999999998,1
439,Tristan Thompson,BOS,2021,35,22.7,0.535,0.0,8.3,1.0,0.3,0.4,7.9,PF,15.5,0.556,-2.2,0.12,0
443,Xavier Tillman Sr.,MEM,2021,28,20.3,0.512,0.278,4.6,1.6,0.9,0.6,7.0,PF,13.7,0.564,-1.1,0.116,1
445,Juan Toscano-Anderson,GSW,2021,24,20.6,0.5579999999999999,0.417,4.4,2.3,0.5,0.5,5.6,SG,11.3,0.6509999999999999,-1.0,0.111,1
450,Jonas Valančiūnas,MEM,2021,28,27.4,0.541,0.333,11.6,1.8,0.6,0.8,16.0,C,20.9,0.59,0.1,0.152,0
461,Lonnie Walker,SAS,2021,31,27.0,0.407,0.362,2.8,1.7,0.5,0.4,11.3,SG,9.0,0.513,-4.2,0.014,0
465,P.J. Washington,CHO,2021,32,29.4,0.454,0.389,6.4,2.9,1.1,1.2,12.7,PF,14.6,0.568,-0.2,0.091,0
478,Lou Williams,LAC,2021,36,22.4,0.428,0.4,2.3,3.7,0.9,0.1,12.6,PG,16.2,0.532,-1.6,0.08900000000000001,0
479,Patrick Williams,CHI,2021,34,28.6,0.471,0.392,4.7,1.3,0.7,0.7,10.0,PF,10.0,0.563,-3.5,0.05,0
486,James Wiseman,GSW,2021,27,20.5,0.52,0.393,6.0,0.6,0.3,1.0,11.9,C,14.7,0.5589999999999999,-4.2,0.059,0
489,Delon Wright,DET,2021,30,29.0,0.469,0.382,4.5,4.8,1.4,0.5,10.5,SG,16.8,0.575,3.0,0.14300000000000002,1
490,Thaddeus Young,CHI,2021,31,25.1,0.611,0.227,5.9,4.3,1.4,0.6,12.1,PF,21.1,0.618,3.6,0.175,1
492,Cody Zeller,CHO,2021,19,23.6,0.51,0.158,7.5,2.4,0.6,0.6,9.9,C,17.4,0.557,0.2,0.142,1
0,Precious Achiuwa,MIA,2021,36,13.8,0.5820000000000001,0.0,4.0,0.6,0.4,0.5,5.9,PF,15.4,0.586,-2.8,0.108,0
6,Nickeil Alexander-Walker,NOP,2021,29,17.9,0.407,0.307,2.4,1.9,1.0,0.3,8.3,SG,12.1,0.507,-2.1,0.024,0
17,Ryan Arcidiacono,CHI,2021,19,10.8,0.404,0.333,1.8,1.2,0.3,0.0,3.2,PG,10.1,0.545,-2.5,0.08800000000000001,1
18,D.J. Augustin,MIL,2021,35,19.5,0.364,0.381,1.4,3.0,0.6,0.0,6.3,PG,10.5,0.5379999999999999,-1.9,0.084,1
34,Kent Bazemore,GSW,2021,36,16.8,0.472,0.424,2.9,1.6,0.9,0.5,6.5,SF,12.4,0.6,0.1,0.092,0
39,DeAndre' Bembry,TOR,2021,28,17.1,0.5579999999999999,0.375,2.1,1.9,0.6,0.3,4.6,SF,10.3,0.621,-2.1,0.073,0
47,Nemanja Bjelica,SAC,2021,20,17.7,0.48,0.326,4.1,2.2,0.3,0.1,8.3,PF,14.7,0.5870000000000001,-1.6,0.073,0
54,Jordan Bone,ORL,2021,14,14.0,0.426,0.313,1.7,1.3,0.1,0.0,4.0,PG,8.9,0.519,-4.2,0.055,1
55,Isaac Bonga,WAS,2021,22,12.3,0.378,0.345,2.0,0.6,0.3,0.2,2.1,SF,5.1,0.503,-5.7,0.021,0
60,Tony Bradley,PHI,2021,13,11.5,0.63,0.0,4.2,0.5,0.2,0.8,4.7,C,22.8,0.633,2.9,0.247,1
71,Troy Brown Jr.,WAS,2021,18,13.6,0.365,0.275,2.9,0.9,0.1,0.2,4.2,SF,6.3,0.465,-5.7,-0.015,0
75,Trey Burke,DAL,2021,35,16.1,0.444,0.389,1.0,1.6,0.6,0.1,7.4,PG,13.4,0.569,-0.8,0.083,1
81,Facundo Campazzo,DEN,2021,30,16.3,0.405,0.379,1.0,2.1,1.0,0.2,5.5,PG,11.7,0.58,-1.4,0.103,1
85,Jevon Carter,PHO,2021,29,10.0,0.35700000000000004,0.298,1.3,1.2,0.4,0.2,2.7,PG,9.9,0.465,0.3,0.085,1
88,Alex Caruso,LAL,2021,29,19.9,0.428,0.4,2.8,2.4,1.0,0.2,5.8,PG,10.9,0.542,-0.3,0.102,1
89,Willie Cauley-Stein,DAL,2021,33,17.3,0.625,0.14300000000000002,4.4,0.8,0.3,0.8,5.5,C,14.5,0.645,-1.2,0.14300000000000002,1
92,Gary Clark,ORL,2021,31,19.0,0.305,0.28300000000000003,3.2,0.9,0.4,0.2,3.5,SF,5.9,0.443,-5.1,0.017,0
104,Torrey Craig,MIL,2021,18,11.2,0.391,0.364,2.4,0.9,0.5,0.4,2.5,SF,10.4,0.48,-0.9,0.1,1
106,Jarrett Culver,MIN,2021,19,19.8,0.422,0.229,4.7,0.8,0.6,0.4,7.2,SG,9.3,0.478,-6.7,-0.004,0
110,Ed Davis,MIN,2021,19,13.9,0.419,0.0,5.1,1.0,0.5,0.5,2.3,C,12.1,0.462,-3.4,0.117,1
111,Terence Davis,TOR,2021,31,14.6,0.422,0.36,2.0,1.1,0.5,0.2,7.0,SG,11.8,0.545,-2.6,0.044,0
115,Gorgui Dieng,MEM,2021,22,16.9,0.519,0.479,4.5,1.3,0.8,0.6,7.9,C,19.3,0.682,2.6,0.194,1
120,Damyean Dotson,CLE,2021,30,18.8,0.401,0.279,1.8,2.2,0.4,0.1,6.8,SG,9.3,0.4920000000000001,-3.5,0.019,0
122,Sekou Doumbouya,DET,2021,33,13.5,0.355,0.25,2.3,0.7,0.4,0.1,4.1,PF,5.7,0.44,-7.6,-0.02,0
123,PJ Dozier,DEN,2021,21,19.4,0.457,0.392,3.9,1.7,0.5,0.6,7.6,SG,13.8,0.5529999999999999,-0.5,0.105,1
129,Carsen Edwards,BOS,2021,14,10.5,0.46,0.324,1.0,0.4,0.3,0.1,5.4,SG,13.6,0.568,-3.4,0.101,1
134,Drew Eubanks,SAS,2021,16,11.5,0.412,0.0,2.9,0.6,0.1,1.1,3.5,C,10.7,0.468,-4.0,0.043,0
137,Derrick Favors,UTA,2021,34,16.2,0.649,0.0,5.5,0.8,0.5,0.9,6.3,C,20.2,0.6890000000000001,2.3,0.244,1
144,Bryn Forbes,MIL,2021,37,18.7,0.478,0.471,1.3,0.6,0.2,0.0,9.6,SG,12.7,0.636,-1.5,0.1,1
151,Daniel Gafford,CHI,2021,27,13.0,0.675,0.0,3.1,0.6,0.4,1.2,4.8,PF,17.8,0.69,0.2,0.172,1
153,Langston Galloway,PHO,2021,25,10.5,0.463,0.457,1.0,0.6,0.2,0.0,4.5,SG,12.9,0.635,-0.4,0.126,1
158,Taj Gibson,NYK,2021,13,15.9,0.568,0.3,4.3,0.5,0.5,0.5,4.0,PF,12.8,0.615,-1.0,0.136,1
159,Harry Giles,POR,2021,22,11.8,0.419,0.375,4.9,0.9,0.2,0.4,3.1,C,11.3,0.486,-4.7,0.058,0
163,Brandon Goodwin,ATL,2021,24,12.0,0.33,0.28300000000000003,1.1,1.8,0.4,0.0,4.3,PG,8.1,0.438,-3.6,0.005,0
171,Javonte Green,BOS,2021,22,15.0,0.5489999999999999,0.318,2.3,0.5,0.8,0.1,4.8,SG,12.7,0.624,-0.4,0.109,0
173,Josh Green,DAL,2021,18,11.9,0.447,0.16699999999999998,2.2,0.6,0.2,0.1,2.3,SG,5.9,0.49,-5.7,0.005,0
183,Maurice Harkless,MIA,2021,11,11.3,0.385,0.455,1.2,0.6,0.2,0.4,1.4,SF,4.6,0.54,-3.0,0.051,1
193,Jaxson Hayes,NOP,2021,26,12.4,0.6990000000000001,0.0,3.5,0.4,0.3,0.5,4.7,C,16.7,0.7040000000000001,-1.2,0.135,0
196,Juan Hernangómez,MIN,2021,18,15.4,0.409,0.315,4.2,0.6,0.3,0.1,5.9,PF,11.6,0.523,-3.4,0.058,0
197,Willy Hernangómez,NOP,2021,21,17.4,0.545,0.2,6.7,1.3,0.3,0.5,7.0,C,19.7,0.5710000000000001,-0.5,0.156,0
201,Solomon Hill,ATL,2021,37,19.1,0.359,0.325,2.3,0.9,0.7,0.2,4.5,PF,6.6,0.509,-3.0,0.034,0
203,Aaron Holiday,IND,2021,35,19.1,0.371,0.35200000000000004,1.3,1.8,0.6,0.1,7.3,PG,7.4,0.47,-5.5,-0.011,0
207,Rodney Hood,POR,2021,31,19.2,0.37,0.294,1.7,1.2,0.6,0.1,5.0,SF,5.1,0.4370000000000001,-7.7,-0.047,0
209,Talen Horton-Tucker,LAL,2021,33,17.5,0.441,0.28600000000000003,2.4,2.0,0.8,0.6,7.2,SG,11.6,0.517,-1.6,0.07,1
211,Dwight Howard,PHI,2021,37,16.2,0.593,0.333,7.5,0.7,0.4,0.9,6.4,C,16.2,0.605,-3.3,0.122,0
222,Wesley Iwundu,DAL,2021,20,12.3,0.298,0.13,1.8,0.4,0.4,0.2,2.0,SF,3.9,0.386,-6.0,-0.014,0
225,Justin Jackson,OKC,2021,25,16.2,0.409,0.29100000000000004,2.3,1.5,0.4,0.0,6.4,SF,9.7,0.51,-3.7,0.018000000000000002,0
229,DaQuan Jeffries,SAC,2021,13,15.5,0.415,0.32,1.8,0.3,0.5,0.3,4.5,SG,7.1,0.517,-6.0,-0.006999999999999999,0
231,Isaiah Joe,PHI,2021,20,12.0,0.3670000000000001,0.383,1.2,0.8,0.4,0.2,4.3,SG,9.7,0.53,-2.3,0.085,1
233,James Johnson,DAL,2021,29,17.4,0.462,0.25,3.0,1.7,0.8,0.8,5.7,PF,12.1,0.526,0.1,0.063,0
235,Stanley Johnson,TOR,2021,33,14.2,0.407,0.418,2.2,1.3,0.8,0.3,3.2,PF,9.5,0.564,-0.9,0.078,0
236,Tyler Johnson,BRK,2021,19,14.0,0.395,0.426,1.7,1.0,0.3,0.0,4.7,SG,10.1,0.569,-2.9,0.079,1
240,Mason Jones,HOU,2021,22,11.1,0.4370000000000001,0.3670000000000001,2.1,1.3,0.3,0.0,5.5,SG,11.5,0.5760000000000001,-3.3,0.031,0
246,Frank Kaminsky,PHO,2021,28,15.6,0.467,0.413,3.8,1.7,0.3,0.4,7.1,C,16.3,0.5539999999999999,2.0,0.139,1
248,Luke Kennard,LAC,2021,35,19.9,0.464,0.444,2.6,1.7,0.4,0.2,7.5,SG,11.3,0.6,-1.8,0.087,1
251,Kevin Knox,NYK,2021,27,14.8,0.393,0.392,1.9,0.6,0.3,0.2,5.0,SF,8.4,0.531,-2.2,0.047,0
252,John Konchar,MEM,2021,19,16.2,0.424,0.304,3.6,1.2,0.9,0.3,4.2,SG,12.4,0.534,-1.0,0.123,1
253,Furkan Korkmaz,PHI,2021,26,18.9,0.392,0.336,2.4,1.0,0.7,0.2,8.3,SG,9.8,0.521,-3.3,0.038,0
259,Jake Layman,MIN,2021,25,15.8,0.516,0.34600000000000003,1.6,0.6,0.8,0.5,6.6,SF,13.3,0.618,-1.2,0.08,0
261,Damion Lee,GSW,2021,38,19.0,0.442,0.374,3.3,1.4,0.7,0.1,6.3,SG,11.7,0.617,-0.4,0.119,1
262,Saben Lee,DET,2021,16,15.1,0.5429999999999999,0.667,1.5,2.3,0.8,0.3,6.6,PG,16.3,0.608,-0.3,0.133,1
263,Alex Len,WAS,2021,27,13.1,0.621,0.3,3.0,0.9,0.3,1.2,5.1,C,15.3,0.654,-0.4,0.105,0
267,Kira Lewis Jr.,NOP,2021,22,13.4,0.392,0.333,0.9,1.9,0.7,0.1,5.5,PG,11.4,0.47,-3.8,0.038,0
269,Nassir Little,POR,2021,21,12.3,0.486,0.474,2.3,0.4,0.1,0.2,5.3,PF,15.0,0.655,-1.8,0.121,0
270,Kevon Looney,GSW,2021,28,14.8,0.5870000000000001,0.333,4.2,1.6,0.4,0.3,3.9,C,14.1,0.634,-0.6,0.166,1
275,Timothé Luwawu-Cabarrot,BRK,2021,34,19.7,0.389,0.363,2.4,1.3,0.7,0.1,7.2,SF,9.3,0.527,-3.5,0.043,0
276,Trey Lyles,SAS,2021,20,15.9,0.506,0.378,4.0,0.6,0.3,0.1,5.5,PF,12.7,0.602,-0.7,0.114,1
280,Terance Mann,LAC,2021,36,15.7,0.474,0.389,3.2,1.3,0.4,0.3,4.8,SG,11.6,0.5710000000000001,-1.7,0.107,1
285,Caleb Martin,CHO,2021,26,15.2,0.414,0.333,2.8,1.2,0.8,0.3,5.5,SF,11.7,0.495,-2.0,0.053,0
286,Cody Martin,CHO,2021,24,11.6,0.522,0.238,2.3,1.0,0.5,0.2,3.5,SF,12.8,0.581,-1.4,0.08900000000000001,0
290,Garrison Mathews,WAS,2021,29,16.2,0.426,0.408,1.8,0.4,0.7,0.2,6.9,SG,13.9,0.66,0.1,0.14800000000000002,1
293,Tyrese Maxey,PHI,2021,33,15.8,0.451,0.268,1.8,1.8,0.5,0.2,7.8,SG,12.7,0.504,-3.1,0.06,1
298,Jaden McDaniels,MIN,2021,31,19.3,0.411,0.364,3.4,1.0,0.4,1.1,5.6,PF,8.6,0.516,-3.8,0.031,0
299,Jalen McDaniels,CHO,2021,17,12.5,0.439,0.261,2.6,0.5,0.1,0.2,4.5,SF,6.9,0.518,-7.4,-0.002,0
302,JaVale McGee,CLE,2021,27,15.2,0.489,0.294,5.1,1.0,0.5,1.2,7.5,C,16.5,0.523,-2.3,0.057,0
305,Jordan McLaughlin,MIN,2021,24,19.5,0.376,0.348,2.3,4.7,1.0,0.2,5.4,PG,12.0,0.447,-2.3,0.047,0
306,Ben McLemore,HOU,2021,25,15.7,0.359,0.309,2.2,1.0,0.6,0.1,6.4,SG,8.2,0.494,-4.5,-0.005,0
307,Nicolò Melli,NOP,2021,18,10.7,0.238,0.212,2.4,0.9,0.4,0.1,1.7,PF,4.5,0.35100000000000003,-5.2,-0.021,0
319,E'Twaun Moore,PHO,2021,23,14.7,0.412,0.231,1.7,1.5,0.6,0.2,4.1,SG,8.1,0.464,-4.2,0.028,0
323,Markieff Morris,LAL,2021,31,17.4,0.407,0.322,3.8,1.0,0.2,0.3,5.4,PF,9.3,0.526,-2.5,0.091,1
325,Mychal Mulder,GSW,2021,34,10.6,0.435,0.409,0.9,0.4,0.2,0.2,4.1,PG,10.0,0.611,-2.2,0.075,0
328,Mike Muscala,OKC,2021,34,18.6,0.441,0.368,3.8,0.8,0.2,0.3,9.7,C,14.6,0.594,-0.5,0.103,1
329,Sviatoslav Mykhailiuk,DET,2021,36,17.6,0.377,0.333,2.1,1.6,0.8,0.2,6.9,SF,10.3,0.527,-2.1,0.025,0
330,Abdel Nader,PHO,2021,20,14.7,0.495,0.412,2.6,0.8,0.4,0.4,6.3,SF,13.1,0.606,-0.3,0.102,1
332,Aaron Nesmith,BOS,2021,18,15.6,0.397,0.354,2.4,0.4,0.2,0.3,4.2,SF,6.2,0.5489999999999999,-4.7,0.033,0
334,Georges Niang,UTA,2021,36,13.4,0.431,0.385,2.2,0.7,0.3,0.1,5.4,PF,9.9,0.573,-1.9,0.081,1
335,Zeke Nnaji,DEN,2021,23,10.8,0.508,0.417,1.4,0.1,0.1,0.1,3.6,PF,10.4,0.64,-2.9,0.09,0
337,Jaylen Nowell,MIN,2021,23,17.2,0.448,0.392,2.0,1.3,0.5,0.2,9.8,SG,14.7,0.5670000000000001,-1.7,0.081,1
344,Semi Ojeleye,BOS,2021,34,19.0,0.417,0.383,2.9,0.8,0.3,0.0,5.5,PF,9.0,0.5720000000000001,-2.1,0.07200000000000001,1
345,Jahlil Okafor,DET,2021,12,10.0,0.595,0.0,2.3,0.3,0.2,0.2,4.3,C,15.5,0.595,-3.1,0.098,0
347,Josh Okogie,MIN,2021,30,19.4,0.343,0.211,2.6,1.1,0.8,0.5,4.7,SG,7.1,0.45,-5.4,0.01,0
348,Onyeka Okongwu,ATL,2021,17,10.0,0.579,0.0,2.4,0.3,0.4,0.6,3.1,C,13.1,0.594,-2.8,0.103,0
350,KZ Okpala,MIA,2021,20,10.5,0.364,0.333,1.6,0.4,0.2,0.2,2.2,PF,4.3,0.461,-7.1,0.006,0
358,Eric Paschall,GSW,2021,35,17.6,0.491,0.28300000000000003,3.2,1.3,0.3,0.2,9.7,PF,13.1,0.552,-3.5,0.056,0
360,Patrick Patterson,LAC,2021,11,12.8,0.425,0.3670000000000001,2.2,0.5,0.3,0.1,4.5,PF,8.8,0.575,-2.7,0.049,0
363,Cameron Payne,PHO,2021,25,16.6,0.4920000000000001,0.45,1.9,3.7,0.6,0.2,6.9,PG,16.4,0.619,2.4,0.16399999999999998,1
366,Reggie Perry,BRK,2021,14,10.5,0.412,0.16699999999999998,3.6,0.9,0.1,0.4,3.6,PF,9.7,0.455,-6.8,0.024,0
371,Aleksej Pokusevski,OKC,2021,18,18.1,0.26,0.194,3.8,1.3,0.4,1.2,3.9,PF,3.7,0.331,-6.5,-0.1,0
372,Jordan Poole,GSW,2021,17,11.1,0.471,0.364,1.4,1.1,0.2,0.2,7.2,SG,18.2,0.636,3.0,0.152,1
378,Dwight Powell,DAL,2021,24,14.9,0.449,0.125,3.2,0.8,0.5,0.3,4.5,C,11.1,0.563,-3.4,0.096,1
382,Immanuel Quickley,NYK,2021,34,18.9,0.387,0.38,2.3,2.3,0.4,0.3,12.3,PG,17.9,0.556,1.7,0.139,1
387,J.J. Redick,NOP,2021,31,18.6,0.407,0.364,1.7,1.3,0.3,0.1,8.7,SG,11.2,0.575,-3.0,0.053,0
395,Glenn Robinson III,SAC,2021,23,16.0,0.424,0.364,2.0,0.9,0.2,0.1,5.3,SF,9.1,0.5539999999999999,-4.6,0.026,0
396,Jerome Robinson,WAS,2021,13,17.0,0.328,0.29,2.5,1.4,0.5,0.2,5.2,SG,6.0,0.456,-7.1,-0.019,0
399,Rajon Rondo,ATL,2021,21,14.8,0.392,0.417,2.1,3.5,0.6,0.1,3.7,PG,10.3,0.488,-2.0,0.036000000000000004,0
408,Dario Šarić,PHO,2021,18,18.4,0.487,0.365,4.1,1.3,0.8,0.2,11.4,C,18.8,0.609,0.5,0.145,1
411,Mike Scott,PHI,2021,18,17.7,0.418,0.377,2.7,0.3,0.4,0.1,4.3,PF,6.4,0.564,-3.4,0.045,0
418,Anfernee Simons,POR,2021,33,16.9,0.397,0.411,2.4,1.3,0.2,0.2,8.2,SG,11.6,0.564,-2.4,0.046,0
421,Dennis Smith Jr.,DET,2021,16,18.6,0.379,0.327,2.7,3.2,1.1,0.6,7.2,PG,14.0,0.471,0.1,0.061,0
424,Tony Snell,ATL,2021,24,18.6,0.483,0.569,2.1,1.2,0.1,0.3,5.1,SG,9.5,0.691,-0.7,0.085,0
427,Lamar Stevens,CLE,2021,24,14.4,0.404,0.118,2.6,1.0,0.5,0.3,4.2,PF,8.6,0.467,-5.0,0.021,0
428,Isaiah Stewart,DET,2021,35,18.5,0.564,0.333,5.8,0.7,0.5,1.0,5.5,C,14.9,0.589,-2.1,0.123,0
429,Max Strus,MIA,2021,19,14.9,0.456,0.365,1.1,0.5,0.2,0.0,7.1,SF,11.8,0.618,-1.0,0.095,1
430,Edmond Sumner,IND,2021,22,11.4,0.512,0.34600000000000003,1.4,0.5,0.6,0.1,5.1,SG,12.1,0.602,-2.9,0.061,0
433,Jeff Teague,BOS,2021,29,18.0,0.377,0.435,1.6,2.1,0.8,0.2,6.4,PG,10.2,0.509,-3.3,0.037000000000000005,0
441,Matisse Thybulle,PHI,2021,34,18.4,0.396,0.294,1.5,0.9,1.5,0.9,3.4,SG,9.4,0.495,1.1,0.093,1
444,Obi Toppin,NYK,2021,28,12.9,0.5,0.311,2.6,0.5,0.3,0.4,4.9,PF,12.1,0.578,-1.6,0.081,0
451,Denzel Valentine,CHI,2021,31,19.2,0.378,0.348,4.0,1.8,0.7,0.0,7.8,SG,10.9,0.483,-2.7,0.039,0
452,Jarred Vanderbilt,MIN,2021,35,19.1,0.601,0.5,5.7,1.6,1.1,0.6,5.9,PF,15.9,0.609,-0.5,0.127,0
454,Devin Vassell,SAS,2021,26,17.3,0.397,0.397,3.2,1.1,1.1,0.3,5.5,SF,12.6,0.529,0.2,0.098,0
455,Gabe Vincent,MIA,2021,25,15.0,0.364,0.258,1.1,1.2,0.5,0.1,5.8,PG,6.5,0.48,-6.5,-0.013,0
458,Dean Wade,CLE,2021,28,11.4,0.446,0.423,2.1,0.6,0.2,0.2,3.4,PF,10.6,0.605,-1.0,0.077,0
459,Moritz Wagner,WAS,2021,23,14.7,0.509,0.308,3.0,1.2,0.7,0.3,7.1,C,15.6,0.607,-0.4,0.126,1
463,Brad Wanamaker,GSW,2021,37,16.2,0.358,0.232,1.7,2.7,0.7,0.2,4.8,PG,9.2,0.478,-3.7,0.046,1
466,Yuta Watanabe,TOR,2021,23,12.0,0.339,0.382,3.1,0.3,0.4,0.5,2.7,SF,9.5,0.481,-3.1,0.064,0
473,Hassan Whiteside,SAC,2021,23,14.6,0.58,0.0,5.7,0.5,0.3,1.3,8.3,C,20.9,0.586,-1.1,0.094,0
476,Grant Williams,BOS,2021,29,18.4,0.462,0.419,3.0,0.9,0.5,0.4,5.1,PF,8.3,0.574,-3.8,0.053,0
477,Kenrich Williams,OKC,2021,37,18.9,0.552,0.412,4.0,1.6,0.8,0.2,6.1,PF,13.6,0.616,-0.4,0.122,1
480,Robert Williams,BOS,2021,30,16.1,0.706,0.0,5.8,1.2,0.9,1.6,6.8,C,25.7,0.7090000000000001,5.6,0.244,1
483,Dylan Windler,CLE,2021,22,19.0,0.456,0.365,4.1,1.3,0.7,0.5,6.3,SF,12.7,0.603,-0.3,0.08800000000000001,0
493,Ivica Zubac,LAC,2021,39,19.7,0.659,0.0,6.9,1.1,0.4,0.8,8.2,C,20.2,0.71,0.6,0.221,1
1,Jaylen Adams,MIL,2021,7,2.6,0.125,0.0,0.4,0.3,0.0,0.0,0.3,PG,-6.6,0.125,-19.8,-0.25,1
5,Ty-Shon Alexander,PHO,2021,3,2.7,0.0,0.0,0.3,0.3,0.0,0.0,0.0,SG,-11.9,0.0,-21.2,-0.32299999999999995,1
12,Kostas Antetokounmpo,LAL,2021,3,6.3,0.333,0.0,2.7,0.0,0.3,0.7,1.0,PF,-0.2,0.387,-12.3,-0.202,0
13,Thanasis Antetokounmpo,MIL,2021,27,8.9,0.609,0.222,2.1,0.7,0.3,0.2,2.4,SF,11.3,0.619,-2.8,0.09,1
21,Udoka Azubuike,UTA,2021,12,4.1,0.5710000000000001,0.0,1.1,0.0,0.1,0.3,1.0,C,10.6,0.622,-4.3,0.107,1
26,Mo Bamba,ORL,2021,18,9.7,0.521,0.348,3.9,0.2,0.2,0.8,4.9,C,20.4,0.5820000000000001,0.4,0.14400000000000002,0
31,Keita Bates-Diop,SAS,2021,14,7.6,0.355,0.35700000000000004,1.4,0.5,0.4,0.1,2.4,SF,12.6,0.4920000000000001,-0.5,0.102,1
43,Tyler Bey,DAL,2021,4,3.3,0.4,0.0,0.8,0.0,0.0,0.3,1.5,SF,14.1,0.444,-4.5,0.066,1
45,Goga Bitadze,IND,2021,16,9.3,0.511,0.133,2.0,0.3,0.2,0.9,3.8,C,14.0,0.569,-2.9,0.093,1
49,Keljin Blevins,POR,2021,9,5.2,0.182,0.0,0.2,0.4,0.2,0.0,0.4,SF,-3.6,0.182,-14.1,-0.193,1
52,Bol Bol,DEN,2021,15,5.6,0.5,0.5,0.7,0.3,0.1,0.3,1.9,PF,8.0,0.612,-3.8,0.0,1
53,Marques Bolden,CLE,2021,6,4.8,0.333,0.0,1.0,0.0,0.3,0.3,1.2,C,13.4,0.537,-2.8,0.067,0
58,Brian Bowen,IND,2021,1,5.0,0.5,0.0,1.0,0.0,0.0,0.0,3.0,SF,17.7,0.615,-1.8,0.155,0
61,Jarrell Brantley,UTA,2021,10,2.8,0.4,0.429,0.7,0.0,0.1,0.1,1.1,PF,11.7,0.55,-1.3,0.103,1
62,Ignas Brazdeikis,NYK,2021,4,1.8,0.0,0.0,0.5,0.3,0.0,0.0,0.5,SF,11.3,0.532,-4.8,0.028,1
69,Moses Brown,OKC,2021,8,6.4,0.556,0.0,3.4,0.4,0.1,0.6,3.6,C,27.4,0.579,2.7,0.254,0
78,Bruno Caboclo,HOU,2021,6,6.0,0.471,0.0,2.3,0.2,0.0,0.3,2.8,PF,9.2,0.475,-10.6,-0.069,0
79,Devontae Cacok,LAL,2021,4,4.3,1.0,0.0,1.3,0.0,0.5,0.0,2.0,PF,21.0,0.82,6.2,0.11,0
82,Vlatko Čančar,DEN,2021,20,6.1,0.393,0.214,1.4,0.3,0.4,0.1,1.5,PF,7.6,0.49,-3.5,0.011,0
84,Vernon Carey Jr.,CHO,2021,3,2.0,0.333,0.0,1.0,0.3,0.0,0.3,1.0,C,29.7,0.387,7.4,0.197,1
90,Chris Chiozza,BRK,2021,15,9.1,0.362,0.391,1.1,2.4,0.3,0.3,3.5,PG,14.2,0.503,-0.8,0.098,1
96,Amir Coffey,LAC,2021,21,7.9,0.467,0.458,0.8,0.4,0.2,0.0,2.8,SG,9.3,0.5820000000000001,-3.5,0.053,1
100,Quinn Cook,LAL,2021,16,3.9,0.462,0.385,0.3,0.3,0.1,0.1,2.1,PG,14.1,0.585,-1.1,0.108,1
101,Tyler Cook,BRK,2021,4,4.3,0.333,0.0,0.5,0.5,0.0,0.0,0.5,PF,1.6,0.333,-6.8,-0.045,1
113,Mamadi Diakite,MIL,2021,1,5.0,0.5,0.0,2.0,2.0,0.0,1.0,2.0,PF,25.7,0.5,11.2,0.343,1
126,Jared Dudley,LAL,2021,11,6.9,0.28600000000000003,0.4,1.7,0.5,0.1,0.1,0.5,PF,5.5,0.429,-3.6,0.08199999999999999,1
130,CJ Elleby,POR,2021,13,8.1,0.452,0.263,1.1,0.2,0.3,0.2,3.0,SF,10.8,0.5579999999999999,-4.0,0.067,1
136,Tacko Fall,BOS,2021,8,7.1,0.6920000000000001,0.0,2.6,0.1,0.0,1.3,2.6,C,22.4,0.636,2.4,0.218,1
138,Cristiano Felício,CHI,2021,6,6.3,0.75,0.0,2.0,0.8,0.3,0.0,1.8,C,18.2,0.731,3.6,0.195,0
139,Terrance Ferguson,PHI,2021,10,3.7,0.16699999999999998,0.0,0.1,0.2,0.0,0.0,0.2,SG,-7.4,0.16699999999999998,-15.9,-0.17600000000000002,1
140,Bruno Fernando,ATL,2021,18,8.4,0.44,0.0,3.3,0.5,0.1,0.1,1.7,C,6.8,0.491,-5.9,-0.008,0
143,Malachi Flynn,TOR,2021,15,8.3,0.267,0.192,0.7,1.1,0.3,0.0,2.2,PG,3.3,0.34600000000000003,-8.7,-0.067,1
145,Trent Forrest,UTA,2021,7,2.9,0.0,0.0,0.3,0.6,0.3,0.0,0.3,PG,6.7,0.258,-3.0,0.044,1
150,Wenyen Gabriel,NOP,2021,4,3.0,0.0,0.0,1.3,0.3,0.0,0.0,0.0,PF,-0.3,0.0,-11.3,-0.147,0
161,Anthony Gill,WAS,2021,12,5.6,0.3,0.14300000000000002,1.6,0.3,0.3,0.2,0.8,PF,8.0,0.425,-3.7,0.028,0
175,Kyle Guy,SAC,2021,15,7.7,0.318,0.25,0.9,1.0,0.3,0.0,2.7,PG,9.0,0.431,-5.1,-0.005,1
177,Ashton Hagans,MIN,2021,2,2.0,0.0,0.0,0.0,0.0,0.0,0.0,0.0,PG,-12.5,0.0,-21.7,-0.348,0
179,Josh Hall,OKC,2021,7,7.3,0.222,0.125,1.3,1.0,0.0,0.0,1.7,SF,-2.4,0.285,-14.4,-0.193,1
180,R.J. Hampton,DEN,2021,24,9.2,0.414,0.278,2.0,0.5,0.2,0.1,2.5,PG,7.4,0.481,-5.9,0.019,1
184,Jared Harper,NYK,2021,2,2.5,0.0,0.0,0.0,0.0,0.0,0.0,1.0,PG,-11.9,0.532,-23.5,-0.468,0
187,Jalen Harris,TOR,2021,2,2.0,0.0,0.0,0.5,0.0,0.0,0.0,0.0,SG,-10.5,0.0,-21.2,-0.201,0
190,Shaquille Harrison,UTA,2021,17,3.3,0.3,0.0,0.5,0.5,0.1,0.0,1.0,SG,6.6,0.375,-7.9,-0.035,1
192,Isaiah Hartenstein,DEN,2021,26,9.3,0.513,0.0,2.8,0.5,0.4,0.6,3.8,C,15.6,0.539,-4.7,0.112,1
202,Nate Hinton,DAL,2021,6,3.2,0.231,0.2,0.0,0.0,0.2,0.2,1.3,SG,-6.6,0.28800000000000003,-17.8,-0.436,1
212,Markus Howard,DEN,2021,17,3.2,0.194,0.136,0.3,0.4,0.1,0.0,0.9,SG,-6.4,0.251,-19.8,-0.297,1
214,Elijah Hughes,UTA,2021,6,4.5,0.333,0.3,0.7,0.5,0.2,0.2,2.7,SF,9.7,0.477,-4.5,-0.07,0
216,Chandler Hutchison,CHI,2021,7,9.1,0.278,0.333,2.9,0.6,0.1,0.0,1.9,SF,0.5,0.344,-10.9,-0.106,1
223,Frank Jackson,DET,2021,9,6.0,0.273,0.308,0.9,1.1,0.1,0.0,1.8,PG,3.3,0.364,-8.4,-0.098,1
227,Justin James,SAC,2021,14,5.1,0.417,0.222,0.6,0.4,0.2,0.1,1.7,SF,9.1,0.436,-5.4,-0.031,1
238,Damian Jones,LAL,2021,17,7.4,0.619,0.0,1.4,0.2,0.1,0.5,2.0,C,10.3,0.636,-3.7,0.115,1
241,Tre Jones,SAS,2021,13,3.4,0.563,1.0,0.3,0.2,0.0,0.0,1.8,PG,14.8,0.659,-4.5,0.092,1
245,Mfiondu Kabengele,LAC,2021,21,4.1,0.28600000000000003,0.2,0.6,0.2,0.1,0.1,1.1,PF,1.6,0.392,-10.8,-0.076,1
250,Nathan Knight,ATL,2021,10,5.8,0.391,0.333,1.5,0.1,0.2,0.3,2.8,PF,14.4,0.528,-2.9,0.057,0
254,Luke Kornet,CHI,2021,11,8.2,0.333,0.261,1.4,0.4,0.2,0.6,2.4,PF,10.2,0.452,0.8,0.041,1
255,Rodions Kurucs,HOU,2021,16,5.7,0.25,0.17600000000000002,0.9,0.4,0.4,0.3,1.0,SF-PF,2.1,0.322,-7.0,-0.117,0
260,Jalen Lecque,IND,2021,3,3.0,0.25,0.0,1.3,0.7,0.0,0.0,1.7,PG,24.0,0.47,2.6,0.221,1
265,Meyers Leonard,MIA,2021,3,9.7,0.429,0.429,2.3,0.7,0.0,0.0,3.3,C,6.6,0.635,-4.4,0.046,1
277,Thon Maker,CLE,2021,8,9.5,0.556,0.0,2.3,0.5,0.3,0.5,3.8,C,18.8,0.657,1.5,0.18,0
279,Karim Mané,ORL,2021,6,9.3,0.111,0.5,1.7,0.2,0.0,0.2,1.2,PG,-0.8,0.325,-11.4,-0.092,1
282,Boban Marjanović,DAL,2021,19,7.7,0.493,0.0,4.0,0.2,0.1,0.1,4.5,C,21.1,0.524,-4.1,0.117,1
284,Naji Marshall,NOP,2021,3,2.7,0.0,0.0,0.7,0.3,0.0,0.0,0.3,SF,-0.5,0.174,-10.0,-0.159,0
287,Kelan Martin,IND,2021,12,4.0,0.35,0.222,1.0,0.0,0.3,0.0,1.5,SF,4.6,0.431,-8.3,-0.096,1
294,Skylar Mays,ATL,2021,16,8.3,0.388,0.348,0.8,1.1,0.4,0.0,3.9,SG,16.3,0.545,1.5,0.13699999999999998,1
295,Patrick McCaw,TOR,2021,3,6.7,0.0,0.0,0.3,1.3,0.0,0.0,0.0,SF,5.9,0.0,-1.7,0.117,1
303,Rodney McGruder,DET,2021,13,9.6,0.511,0.5,1.0,0.9,0.3,0.1,4.7,SG,15.8,0.614,-0.2,0.108,1
304,Alfonzo McKinnie,LAL,2021,18,4.7,0.5329999999999999,0.417,1.1,0.1,0.1,0.0,2.3,SF,17.5,0.626,0.4,0.191,1
309,Sam Merrill,MIL,2021,14,5.9,0.421,0.5,1.0,0.8,0.1,0.0,1.7,SG,12.1,0.604,-1.0,0.134,1
310,Chimezie Metu,SAC,2021,11,6.5,0.5,0.333,2.1,0.5,0.3,0.5,3.4,C,20.2,0.545,-1.3,0.087,0
312,Darius Miller,OKC,2021,12,9.3,0.458,0.429,1.3,0.8,0.4,0.3,2.8,SF,12.6,0.6709999999999999,1.5,0.125,1
317,Adam Mokoka,CHI,2021,7,6.0,0.35700000000000004,0.125,0.6,0.6,0.3,0.1,1.6,SG,5.4,0.393,-6.6,-0.033,1
321,Juwan Morgan,UTA,2021,15,4.7,0.429,0.3,0.9,0.3,0.2,0.0,1.1,PF,7.2,0.494,-2.6,0.084,1
342,Jordan Nwora,MIL,2021,10,8.2,0.459,0.5,1.5,0.0,0.4,0.2,5.1,SF,12.9,0.616,-5.4,0.025,0
353,Miye Oni,UTA,2021,26,7.9,0.368,0.394,1.8,0.2,0.1,0.2,1.8,SG,7.5,0.5660000000000001,-2.5,0.097,1
355,Daniel Oturu,LAC,2021,10,4.2,0.6,0.0,1.4,0.4,0.0,0.3,2.0,C,21.6,0.63,0.5,0.211,1
359,Anžejs Pasečņiks,WAS,2021,1,6.0,0.0,0.0,1.0,1.0,0.0,0.0,0.0,C,-40.8,0.0,-47.1,-1.123,1
365,Norvel Pelle,SAC,2021,4,8.0,0.375,0.0,2.0,0.3,0.0,0.8,2.3,C,5.6,0.461,-8.3,-0.013,1
367,Theo Pinson,NYK,2021,12,2.2,0.125,0.0,0.1,0.1,0.0,0.0,0.2,SG,-8.2,0.125,-15.5,-0.204,1
370,Vincent Poirier,PHI,2021,7,3.6,0.333,0.0,0.9,0.3,0.0,0.3,0.9,C,7.4,0.387,-7.5,-0.013,1
383,Jahmi'us Ramsey,SAC,2021,4,4.0,0.5,0.333,1.0,0.3,0.0,0.3,1.3,SG,11.5,0.625,-3.9,0.019,1
390,Nick Richards,CHO,2021,8,2.9,0.5,0.0,0.8,0.0,0.0,0.0,1.4,PF,13.2,0.637,-5.7,0.139,1
407,JaKarr Sampson,IND,2021,15,6.5,0.469,0.2,1.9,0.1,0.1,0.2,2.6,PF,11.6,0.536,-5.0,0.048,0
414,Iman Shumpert,BRK,2021,2,5.5,0.25,0.0,0.5,0.0,0.5,0.0,1.0,SG,-0.3,0.25,-13.0,-0.21,1
416,Chris Silva,MIA,2021,7,9.1,0.667,1.0,3.1,0.9,0.1,0.4,3.4,PF,13.3,0.769,-4.1,0.138,0
419,Deividas Sirvydis,DET,2021,5,1.6,0.0,0.0,0.2,0.2,0.0,0.0,0.2,SG,-9.0,0.129,-24.5,-0.304,1
423,Jalen Smith,PHO,2021,11,5.2,0.368,0.25,1.0,0.2,0.0,0.2,1.5,PF,7.2,0.402,-4.2,0.006999999999999999,1
425,Ray Spalding,HOU,2021,2,9.5,0.5,0.0,2.0,0.0,0.0,1.0,2.0,C,0.9,0.41,-10.4,-0.165,0
426,Cassius Stanley,IND,2021,8,2.9,0.28600000000000003,0.5,0.4,0.0,0.0,0.3,1.1,SG,6.8,0.489,-7.9,0.04,1
435,Tyrell Terry,DAL,2021,11,5.1,0.313,0.0,0.5,0.5,0.5,0.0,1.0,PG,6.0,0.318,-5.5,-0.058,1
437,Brodric Thomas,HOU,2021,4,6.0,0.28600000000000003,0.16699999999999998,1.0,1.0,0.3,0.3,2.5,SG,7.4,0.496,-7.3,-0.046,0
438,Matt Thomas,TOR,2021,22,6.6,0.391,0.387,0.6,0.4,0.1,0.0,2.4,SG,8.1,0.545,-4.5,0.029,1
440,Sindarius Thornwell,NOP,2021,12,5.0,0.412,0.333,0.3,0.3,0.4,0.0,1.4,SG,9.1,0.475,-2.6,0.015,1
456,Noah Vonleh,BRK,2021,4,2.8,0.0,0.0,0.3,0.3,0.0,0.0,0.0,PF,-19.0,0.0,-29.9,-0.485,1
467,Tremont Waters,BOS,2021,10,9.8,0.32299999999999995,0.4,0.8,3.0,0.6,0.0,3.3,PG,11.7,0.478,-1.3,0.019,1
468,Paul Watson,TOR,2021,17,5.6,0.423,0.476,1.1,0.2,0.0,0.1,1.9,SF,9.9,0.615,-2.2,0.09,1
469,Quinndary Weatherspoon,SAS,2021,5,4.8,0.2,0.0,0.4,0.6,0.2,0.0,0.8,SG,-10.3,0.34,-22.2,-0.316,1
474,Greg Whittington,DEN,2021,2,4.0,0.0,0.0,0.0,0.0,0.0,0.0,0.0,PF,-10.2,0.0,-16.5,-0.263,0
482,D.J. Wilson,MIL,2021,12,8.8,0.3720000000000001,0.35700000000000004,2.1,0.3,0.1,0.3,3.6,PF,8.5,0.49,-5.4,0.024,1
485,Cassius Winston,WAS,2021,6,7.3,0.4,0.429,0.7,1.0,0.0,0.2,2.2,PG,9.8,0.597,-4.0,0.08800000000000001,1
488,Robert Woodard,SAC,2021,6,2.8,0.545,0.333,1.3,0.0,0.0,0.0,2.2,SF,22.8,0.547,-2.0,0.006,0
